<?xml version="1.0" encoding="UTF-8"?>
<div1 type="trialAccount" id="t17500228-33">
               <interp inst="t17500228-33" type="collection" value="BAILEY"></interp>
               <interp inst="t17500228-33" type="year" value="1750"></interp>
               <interp inst="t17500228-33" type="uri" value="sessionsPapers/17500228"></interp>
               <interp inst="t17500228-33" type="date" value="17500228"></interp>
               <join result="criminalCharge" id="t17500228-33-off139-c186" targOrder="Y" targets="t17500228-33-defend247 t17500228-33-off139 t17500228-33-verdict141"></join>
               <join result="criminalCharge" id="t17500228-33-off142-c186" targOrder="Y" targets="t17500228-33-defend247 t17500228-33-off142 t17500228-33-verdict141"></join>
         
               <p>217. 
               <persName id="t17500228-33-defend247" type="defendantName">
                  Mary
                   the 
                  <rs id="t17500228-33-deflabel138" type="occupation">wife of 
                        <persName id="t17500228-33-person248">
                           William 
                           Howard 
                        <interp inst="t17500228-33-person248" type="surname" value="Howard"></interp>
                           <interp inst="t17500228-33-person248" type="given" value="William"></interp>
                           <interp inst="t17500228-33-person248" type="gender" value="male"></interp>
                        </persName>
                     
                     </rs>
                     <join result="persNameOccupation" targOrder="Y" targets="t17500228-33-defend247 t17500228-33-deflabel138"></join>
                     <interp inst="t17500228-33-defend247" type="surname" value="Howard"></interp>
                     <interp inst="t17500228-33-defend247" type="given" value="Mary"></interp>
                     <interp inst="t17500228-33-defend247" type="gender" value="female"></interp>
                  </persName>
            , was indicted for <rs id="t17500228-33-off139" type="offenceDescription">
                     <interp inst="t17500228-33-off139" type="offenceCategory" value="theft"></interp>
                     <interp inst="t17500228-33-off139" type="offenceSubcategory" value="theftFromPlace"></interp>
               stealing one brass candlestick, value 6 d. a looking glass value 1 s. in her lodging room
            </rs>, the goods of 
               
                  <persName id="t17500228-33-victim250" type="victimName">
                     Thomas 
                     Larendine 
                  <interp inst="t17500228-33-victim250" type="surname" value="Larendine"></interp>
                     <interp inst="t17500228-33-victim250" type="given" value="Thomas"></interp>
                     <interp inst="t17500228-33-victim250" type="gender" value="male"></interp>
                     <join result="offenceVictim" targOrder="Y" targets="t17500228-33-off139 t17500228-33-victim250"></join>
                     <join result="offenceVictim" targOrder="Y" targets="t17500228-33-off142 t17500228-33-victim250"></join>
                  </persName>
                
            , <rs id="t17500228-33-cd140" type="crimeDate">Jan. 13</rs>
                  <join result="offenceCrimeDate" targOrder="Y" targets="t17500228-33-off139 t17500228-33-cd140"></join>
                  <join result="offenceCrimeDate" targOrder="Y" targets="t17500228-33-off142 t17500228-33-cd140"></join>.</p>
               <p>
                  <rs id="t17500228-33-verdict141" type="verdictDescription">
                     <interp inst="t17500228-33-verdict141" type="verdictCategory" value="notGuilty"></interp>
               Acquitted
            </rs>.</p>
               <p>She was a second time indicted for <rs id="t17500228-33-off142" type="offenceDescription">
                     <interp inst="t17500228-33-off142" type="offenceCategory" value="theft"></interp>
                     <interp inst="t17500228-33-off142" type="offenceSubcategory" value="grandLarceny"></interp>
               stealing one child's shirt, one pair of iron tongs, one large common prayer book, three coloured handkerchiefs
            </rs> the goods of the said Thomas, <rs id="t17500228-33-cd143" type="crimeDate">Jan. 19</rs>
                  <join result="offenceCrimeDate" targOrder="Y" targets="t17500228-33-off139 t17500228-33-cd143"></join>
                  <join result="offenceCrimeDate" targOrder="Y" targets="t17500228-33-off142 t17500228-33-cd143"></join>.</p>
               <p>
                  <rs id="t17500228-33-verdict144" type="verdictDescription">
                     <interp inst="t17500228-33-verdict144" type="verdictCategory" value="guilty"></interp>
               Guilty
            </rs>.</p>
               <p>
                  <rs id="t17500228-33-punish145" type="punishmentDescription">
                     <interp inst="t17500228-33-punish145" type="punishmentCategory" value="transport"></interp>
                     <join result="defendantPunishment" targOrder="Y" targets="t17500228-33-defend247 t17500228-33-punish145"></join>
               
                     <note>[Transportation. See summary.]</note>
               
                  </rs>
               </p>
            </div1>