<?xml version="1.0" encoding="UTF-8"?>
<div1 type="trialAccount" id="t17500228-37">
               <interp inst="t17500228-37" type="collection" value="BAILEY"></interp>
               <interp inst="t17500228-37" type="year" value="1750"></interp>
               <interp inst="t17500228-37" type="uri" value="sessionsPapers/17500228"></interp>
               <interp inst="t17500228-37" type="date" value="17500228"></interp>
               <join result="criminalCharge" id="t17500228-37-off164-c222" targOrder="Y" targets="t17500228-37-defend294 t17500228-37-off164 t17500228-37-verdict166"></join>
               <join result="criminalCharge" id="t17500228-37-off164-c223" targOrder="Y" targets="t17500228-37-defend296 t17500228-37-off164 t17500228-37-verdict166"></join>
         
               <p>225, 226. 
               <persName id="t17500228-37-defend294" type="defendantName">
                  Mordecai 
                  Wale 
               <interp inst="t17500228-37-defend294" type="surname" value="Wale"></interp>
                     <interp inst="t17500228-37-defend294" type="given" value="Mordecai"></interp>
                     <interp inst="t17500228-37-defend294" type="gender" value="male"></interp>
                  </persName>
             , and 
               
                  <persName id="t17500228-37-defend296" type="defendantName">
                     Thomas 
                     Blee 
                  <interp inst="t17500228-37-defend296" type="surname" value="Blee"></interp>
                     <interp inst="t17500228-37-defend296" type="given" value="Thomas"></interp>
                     <interp inst="t17500228-37-defend296" type="gender" value="male"></interp>
                  </persName>
                
            , were indicted for <rs id="t17500228-37-off164" type="offenceDescription">
                     <interp inst="t17500228-37-off164" type="offenceCategory" value="theft"></interp>
                     <interp inst="t17500228-37-off164" type="offenceSubcategory" value="grandLarceny"></interp>
               stealing 40 lb. weight of iron, val. 4 s.
            </rs> the goods of 
               
                  <persName id="t17500228-37-victim298" type="victimName">
                     Elizabeth 
                     Hartwell 
                  <interp inst="t17500228-37-victim298" type="surname" value="Hartwell"></interp>
                     <interp inst="t17500228-37-victim298" type="given" value="Elizabeth"></interp>
                     <interp inst="t17500228-37-victim298" type="gender" value="female"></interp>
                     <join result="offenceVictim" targOrder="Y" targets="t17500228-37-off164 t17500228-37-victim298"></join>
                  </persName>
                
            , <rs id="t17500228-37-viclabel165" type="occupation">widow</rs>
                  <join result="persNameOccupation" targOrder="Y" targets="t17500228-37-victim298 t17500228-37-viclabel165"></join>.</p>
               <p>Both <rs id="t17500228-37-verdict166" type="verdictDescription">
                     <interp inst="t17500228-37-verdict166" type="verdictCategory" value="notGuilty"></interp>
               Acquitted
            </rs>.</p>
            </div1>