<?xml version="1.0" encoding="UTF-8"?>
<div1 type="trialAccount" id="t17500228-39">
               <interp inst="t17500228-39" type="collection" value="BAILEY"></interp>
               <interp inst="t17500228-39" type="year" value="1750"></interp>
               <interp inst="t17500228-39" type="uri" value="sessionsPapers/17500228"></interp>
               <interp inst="t17500228-39" type="date" value="17500228"></interp>
               <join result="criminalCharge" id="t17500228-39-off170-c227" targOrder="Y" targets="t17500228-39-defend304 t17500228-39-off170 t17500228-39-verdict172"></join>
         
               <p>128. 
               
                  <persName id="t17500228-39-defend304" type="defendantName">
                     Richard 
                     Manlove 
                  <interp inst="t17500228-39-defend304" type="surname" value="Manlove"></interp>
                     <interp inst="t17500228-39-defend304" type="given" value="Richard"></interp>
                     <interp inst="t17500228-39-defend304" type="gender" value="male"></interp>
                  </persName>
               
            , was indicted for that <rs id="t17500228-39-off170" type="offenceDescription">
                     <interp inst="t17500228-39-off170" type="offenceCategory" value="violentTheft"></interp>
                     <interp inst="t17500228-39-off170" type="offenceSubcategory" value="highwayRobbery"></interp>
               he on the king's highway on 
                     
                        <persName id="t17500228-39-victim306" type="victimName">
                           Thomas 
                           Harper 
                        <interp inst="t17500228-39-victim306" type="surname" value="Harper"></interp>
                        <interp inst="t17500228-39-victim306" type="given" value="Thomas"></interp>
                        <interp inst="t17500228-39-victim306" type="gender" value="male"></interp>
                        <join result="offenceVictim" targOrder="Y" targets="t17500228-39-off170 t17500228-39-victim306"></join>
                     </persName>
                      
                   did make an assault, putting him in corporal fear and danger of his life, one hat val. 1 s. from his person did steal, take, and carry away
            </rs>, <rs id="t17500228-39-cd171" type="crimeDate">February 20</rs>
                  <join result="offenceCrimeDate" targOrder="Y" targets="t17500228-39-off170 t17500228-39-cd171"></join>.</p>
               <p>
                  <rs id="t17500228-39-verdict172" type="verdictDescription">
                     <interp inst="t17500228-39-verdict172" type="verdictCategory" value="notGuilty"></interp>
               Acquitted
            </rs>.</p>
            </div1>