<?xml version="1.0" encoding="UTF-8"?>
<div1 type="trialAccount" id="t17500228-38">
               <interp inst="t17500228-38" type="collection" value="BAILEY"></interp>
               <interp inst="t17500228-38" type="year" value="1750"></interp>
               <interp inst="t17500228-38" type="uri" value="sessionsPapers/17500228"></interp>
               <interp inst="t17500228-38" type="date" value="17500228"></interp>
               <join result="criminalCharge" id="t17500228-38-off167-c225" targOrder="Y" targets="t17500228-38-defend300 t17500228-38-off167 t17500228-38-verdict169"></join>
         
               <p>227. 
               
                  <persName id="t17500228-38-defend300" type="defendantName">
                     John 
                     Ruttey 
                  <interp inst="t17500228-38-defend300" type="surname" value="Ruttey"></interp>
                     <interp inst="t17500228-38-defend300" type="given" value="John"></interp>
                     <interp inst="t17500228-38-defend300" type="gender" value="male"></interp>
                  </persName>
               
            , was indicted for that <rs id="t17500228-38-off167" type="offenceDescription">
                     <interp inst="t17500228-38-off167" type="offenceCategory" value="theft"></interp>
                     <interp inst="t17500228-38-off167" type="offenceSubcategory" value="housebreaking"></interp>
               he on the <rs id="t17500228-38-cd168" type="crimeDate">27th of January</rs>
                     <join result="offenceCrimeDate" targOrder="Y" targets="t17500228-38-off167 t17500228-38-cd168"></join> the dwelling house of 
                     
                        <persName id="t17500228-38-victim302" type="victimName">
                           John 
                           Griffiths 
                        <interp inst="t17500228-38-victim302" type="surname" value="Griffiths"></interp>
                        <interp inst="t17500228-38-victim302" type="given" value="John"></interp>
                        <interp inst="t17500228-38-victim302" type="gender" value="male"></interp>
                        <join result="offenceVictim" targOrder="Y" targets="t17500228-38-off167 t17500228-38-victim302"></join>
                     </persName>
                      
                   did break and enter, two silver tea-spoons, val. 4 s. did steal, take, and carry away
            </rs>.</p>
               <p>
                  <rs id="t17500228-38-verdict169" type="verdictDescription">
                     <interp inst="t17500228-38-verdict169" type="verdictCategory" value="notGuilty"></interp>
               Acquitted
            </rs>.</p>
            </div1>