<?xml version="1.0" encoding="UTF-8"?>
<div1 type="trialAccount" id="t17500228-32">
               <interp inst="t17500228-32" type="collection" value="BAILEY"></interp>
               <interp inst="t17500228-32" type="year" value="1750"></interp>
               <interp inst="t17500228-32" type="uri" value="sessionsPapers/17500228"></interp>
               <interp inst="t17500228-32" type="date" value="17500228"></interp>
               <join result="criminalCharge" id="t17500228-32-off132-c173" targOrder="Y" targets="t17500228-32-defend230 t17500228-32-off132 t17500228-32-verdict136"></join>
               <join result="criminalCharge" id="t17500228-32-off132-c174" targOrder="Y" targets="t17500228-32-defend232 t17500228-32-off132 t17500228-32-verdict136"></join>
               <join result="criminalCharge" id="t17500228-32-off132-c175" targOrder="Y" targets="t17500228-32-defend234 t17500228-32-off132 t17500228-32-verdict136"></join>
               <join result="criminalCharge" id="t17500228-32-off132-c176" targOrder="Y" targets="t17500228-32-defend236 t17500228-32-off132 t17500228-32-verdict136"></join>
         
               <p>213, 214, 215, 216. 
               
                  <persName id="t17500228-32-defend230" type="defendantName">
                     John 
                     Stanton 
                  <interp inst="t17500228-32-defend230" type="surname" value="Stanton"></interp>
                     <interp inst="t17500228-32-defend230" type="given" value="John"></interp>
                     <interp inst="t17500228-32-defend230" type="gender" value="male"></interp>
                  </persName>
                
            , 
               
                  <persName id="t17500228-32-defend232" type="defendantName">
                     William 
                     Russel 
                  <interp inst="t17500228-32-defend232" type="surname" value="Russel"></interp>
                     <interp inst="t17500228-32-defend232" type="given" value="William"></interp>
                     <interp inst="t17500228-32-defend232" type="gender" value="male"></interp>
                  </persName>
                
            , 
               
                  <persName id="t17500228-32-defend234" type="defendantName">
                     Edward 
                     Busby 
                  <interp inst="t17500228-32-defend234" type="surname" value="Busby"></interp>
                     <interp inst="t17500228-32-defend234" type="given" value="Edward"></interp>
                     <interp inst="t17500228-32-defend234" type="gender" value="male"></interp>
                  </persName>
                
             and 
               
                  <persName id="t17500228-32-defend236" type="defendantName">
                     Peter 
                     Oldfield 
                  <interp inst="t17500228-32-defend236" type="surname" value="Oldfield"></interp>
                     <interp inst="t17500228-32-defend236" type="given" value="Peter"></interp>
                     <interp inst="t17500228-32-defend236" type="gender" value="male"></interp>
                  </persName>
                
            , were indicted for that <rs id="t17500228-32-off132" type="offenceDescription">
                     <interp inst="t17500228-32-off132" type="offenceCategory" value="violentTheft"></interp>
                     <interp inst="t17500228-32-off132" type="offenceSubcategory" value="highwayRobbery"></interp>
               they on the King's high way, on 
                     
                        <persName id="t17500228-32-victim238" type="victimName">
                           Charles 
                           Steward 
                        <interp inst="t17500228-32-victim238" type="surname" value="Steward"></interp>
                        <interp inst="t17500228-32-victim238" type="given" value="Charles"></interp>
                        <interp inst="t17500228-32-victim238" type="gender" value="male"></interp>
                        <join result="offenceVictim" targOrder="Y" targets="t17500228-32-off132 t17500228-32-victim238"></join>
                     </persName>
                      
                   
                     <rs id="t17500228-32-viclabel133" type="occupation">esq;</rs>
                     <join result="persNameOccupation" targOrder="Y" targets="t17500228-32-victim238 t17500228-32-viclabel133"></join> did make an assault, putting him the said Charles in bodily fear and danger of his life, one gold watch value 10 l. the goods of the said Charles, did steal, take and carry away
            </rs>, <rs id="t17500228-32-cd134" type="crimeDate">Feb. 13th</rs>
                  <join result="offenceCrimeDate" targOrder="Y" targets="t17500228-32-off132 t17500228-32-cd134"></join>.</p>
               <p>
            
                  <persName id="t17500228-32-person239">
                  Charles 
                  Steward 
               <interp inst="t17500228-32-person239" type="surname" value="Steward"></interp>
                     <interp inst="t17500228-32-person239" type="given" value="Charles"></interp>
                     <interp inst="t17500228-32-person239" type="gender" value="male"></interp>
                  </persName>
            . I was robb'd <placeName id="t17500228-32-crimeloc135">near Burlington Gardens</placeName>
                  <interp inst="t17500228-32-crimeloc135" type="placeName" value="near Burlington Gardens"></interp>
                  <interp inst="t17500228-32-crimeloc135" type="type" value="crimeLocation"></interp>
                  <join result="offencePlace" targOrder="Y" targets="t17500228-32-off132 t17500228-32-crimeloc135"></join> of my gold watch with three seals to it, on Tuesday was fortnight, by four men, about half an hour past one in the morning, it was very dark, one of the seals had my arms cut in a stone set in gold, another little cornelian stone set in gold, the watch was taken upon the prisoner.</p>
               <p>
            
                  <persName id="t17500228-32-person240">
                  William 
                  Jones 
               <interp inst="t17500228-32-person240" type="surname" value="Jones"></interp>
                     <interp inst="t17500228-32-person240" type="given" value="William"></interp>
                     <interp inst="t17500228-32-person240" type="gender" value="male"></interp>
                  </persName>
            . On the 14th of Feb. in the morning, 
               <persName id="t17500228-32-person241">
                  John 
                  Burry 
               <interp inst="t17500228-32-person241" type="surname" value="Burry"></interp>
                     <interp inst="t17500228-32-person241" type="given" value="John"></interp>
                     <interp inst="t17500228-32-person241" type="gender" value="male"></interp>
                  </persName>
            , and I, and Mr. Wittingbury, and three men more, went to apprehend Stanton the prisoner; when we came to the house we were directed to, we went up two pair of stairs and broke open the door, when we came into the room there was Stanton upon the table in his shirt, with an intent to get out at the window, but Mr. Wittingbury took hold of him; I saw the gold watch lying upon the bed, I took it, it was swore to before justice Fielding by the prosecutor.</p>
               <p>Stanton ask'd Mr. Wittingbury to be his friend, which was to get him to be accepted an evidence, &amp;c. adding he would tell him were more of his company was, if he would, Mr. Wittingbury said he would do what was in his power, and asked him if there were any of them near, that we might take them immediately, he told us there were two more in the next room ; we found the door fastened, so we surrounded the house, Busby strove to get up the chimney, after the house was surrounded we broke open the chamber door, there we found him and 
               <persName id="t17500228-32-person242">
                  Peter 
                  Oldfield 
               <interp inst="t17500228-32-person242" type="surname" value="Oldfield"></interp>
                     <interp inst="t17500228-32-person242" type="given" value="Peter"></interp>
                     <interp inst="t17500228-32-person242" type="gender" value="male"></interp>
                  </persName>
            , we found a brace of pistols under the bed, one of them was loaded with a brace of slugs, then we took them to Clarkenwell Bridewell ; Stanton took a pistol out of his pocket and gave it to Mr. Wittingbury, and we found a sword under his bed, with which he own'd he had robb'd a gentleman that night, then Stanton told us of Russel the coachman, who lodged some where in Hockley in the hole, but did not rightly know the place, and said Russel was to come to him about 10 o'clock that fore-noon to sell the watch, so three of us went to the house were we took Stanton in Alien-street, and three staid in St. John-street, they saw him coming and took him, and took a brace of pistols from him, all the five pistols were loaded, some with bullets and one with slugs. Russel gave us an account of two or three coachmen, who had been concern'd with him, he wanted to be admitted an evidence; on the same day we carried them before justice Fielding, and they all confess'd, and I believe sign'd their confessions.</p>
               <p>
            
                  <persName id="t17500228-32-person243">
                  William 
                  Hain 
               <interp inst="t17500228-32-person243" type="surname" value="Hain"></interp>
                     <interp inst="t17500228-32-person243" type="given" value="William"></interp>
                     <interp inst="t17500228-32-person243" type="gender" value="male"></interp>
                  </persName>
            . Stanton was in an information and likewise where to be found, &amp;c. we went to the room door and looked thro' the key hole, and I saw his coat in the room, then we burst open the door, there was he in his shirt on the table, in order to get out at the window, he went on and confirm'd swhat was deposed by the former Witness.</p>
               <p>
            
                  <persName id="t17500228-32-person244">
                  John 
                  Wittingbury 
               <interp inst="t17500228-32-person244" type="surname" value="Wittingbury"></interp>
                     <interp inst="t17500228-32-person244" type="given" value="John"></interp>
                     <interp inst="t17500228-32-person244" type="gender" value="male"></interp>
                  </persName>
             and 
               <persName id="t17500228-32-person245">
                  Thomas 
                  Ind 
               <interp inst="t17500228-32-person245" type="surname" value="Ind"></interp>
                     <interp inst="t17500228-32-person245" type="given" value="Thomas"></interp>
                     <interp inst="t17500228-32-person245" type="gender" value="male"></interp>
                  </persName>
             confirmed the same; 
               <persName id="t17500228-32-person246">
                  Joshua 
                  Brogdon 
               <interp inst="t17500228-32-person246" type="surname" value="Brogdon"></interp>
                     <interp inst="t17500228-32-person246" type="given" value="Joshua"></interp>
                     <interp inst="t17500228-32-person246" type="gender" value="male"></interp>
                  </persName>
             clark to justice Fielding produc'd each prisoners confession, which was made voluntary, and sign'd by each prisoner, giving a particular account of the robbery.</p>
               <p>All four <rs id="t17500228-32-verdict136" type="verdictDescription">
                     <interp inst="t17500228-32-verdict136" type="verdictCategory" value="guilty"></interp>
               guilty
            </rs>.</p>
               <p>
                  <rs id="t17500228-32-punish137" type="punishmentDescription">
                     <interp inst="t17500228-32-punish137" type="punishmentCategory" value="death"></interp>
                     <join result="defendantPunishment" targOrder="Y" targets="t17500228-32-defend230 t17500228-32-punish137"></join>
                     <join result="defendantPunishment" targOrder="Y" targets="t17500228-32-defend232 t17500228-32-punish137"></join>
                     <join result="defendantPunishment" targOrder="Y" targets="t17500228-32-defend234 t17500228-32-punish137"></join>
                     <join result="defendantPunishment" targOrder="Y" targets="t17500228-32-defend236 t17500228-32-punish137"></join>
               Death
            </rs>.</p>
            </div1>