<?xml version="1.0" encoding="UTF-8"?>
<div1 type="trialAccount" id="t17500228-35">
               <interp inst="t17500228-35" type="collection" value="BAILEY"></interp>
               <interp inst="t17500228-35" type="year" value="1750"></interp>
               <interp inst="t17500228-35" type="uri" value="sessionsPapers/17500228"></interp>
               <interp inst="t17500228-35" type="date" value="17500228"></interp>
               <join result="criminalCharge" id="t17500228-35-off153-c209" targOrder="Y" targets="t17500228-35-defend275 t17500228-35-off153 t17500228-35-verdict157"></join>
               <join result="criminalCharge" id="t17500228-35-off153-c210" targOrder="Y" targets="t17500228-35-defend277 t17500228-35-off153 t17500228-35-verdict157"></join>
               <join result="criminalCharge" id="t17500228-35-off155-c209" targOrder="Y" targets="t17500228-35-defend275 t17500228-35-off155 t17500228-35-verdict157"></join>
         
               <p>220, 221. 
               
                  <persName id="t17500228-35-defend275" type="defendantName">
                     Elizabeth 
                     Davis 
                  <interp inst="t17500228-35-defend275" type="surname" value="Davis"></interp>
                     <interp inst="t17500228-35-defend275" type="given" value="Elizabeth"></interp>
                     <interp inst="t17500228-35-defend275" type="gender" value="female"></interp>
                  </persName>
                
            , and 
               
                  <persName id="t17500228-35-defend277" type="defendantName">
                     Lucy 
                     Gypsey 
                  <interp inst="t17500228-35-defend277" type="surname" value="Gypsey"></interp>
                     <interp inst="t17500228-35-defend277" type="given" value="Lucy"></interp>
                     <interp inst="t17500228-35-defend277" type="gender" value="female"></interp>
                  </persName>
                
            , were indicted for <rs id="t17500228-35-off153" type="offenceDescription">
                     <interp inst="t17500228-35-off153" type="offenceCategory" value="theft"></interp>
                     <interp inst="t17500228-35-off153" type="offenceSubcategory" value="grandLarceny"></interp>
               stealing one knife, one pair of scissars, two damask napkins, one pillow-bier, and other things
            </rs>, the goods of 
               
                  <persName id="t17500228-35-victim279" type="victimName">
                     Frederick 
                     Standard 
                  <interp inst="t17500228-35-victim279" type="surname" value="Standard"></interp>
                     <interp inst="t17500228-35-victim279" type="given" value="Frederick"></interp>
                     <interp inst="t17500228-35-victim279" type="gender" value="male"></interp>
                  </persName>
                
             and 
               
                  <persName id="t17500228-35-victim281" type="victimName">
                     Robert 
                     Byfield 
                  <interp inst="t17500228-35-victim281" type="surname" value="Byfield"></interp>
                     <interp inst="t17500228-35-victim281" type="given" value="Robert"></interp>
                     <interp inst="t17500228-35-victim281" type="gender" value="male"></interp>
                  </persName>
                
            , <rs id="t17500228-35-cd154" type="crimeDate">Dec. 23</rs>
                  <join result="offenceCrimeDate" targOrder="Y" targets="t17500228-35-off153 t17500228-35-cd154"></join>
                  <join result="offenceCrimeDate" targOrder="Y" targets="t17500228-35-off155 t17500228-35-cd154"></join>.</p>
               <p>Both Acquitted.</p>
               <p>
            
                  <persName id="t17500228-35-person282">
                  Elizabeth 
                  Davis 
               <interp inst="t17500228-35-person282" type="surname" value="Davis"></interp>
                     <interp inst="t17500228-35-person282" type="given" value="Elizabeth"></interp>
                     <interp inst="t17500228-35-person282" type="gender" value="female"></interp>
                  </persName>
             was a second time indicted for <rs id="t17500228-35-off155" type="offenceDescription">
                     <interp inst="t17500228-35-off155" type="offenceCategory" value="theft"></interp>
                     <interp inst="t17500228-35-off155" type="offenceSubcategory" value="grandLarceny"></interp>
               stealing one damask table cloth, two muslin handkerchiefs, one linnen cap, two towels, one coffeemill, and other things
            </rs>, the goods of 
               
                  <persName id="t17500228-35-victim284" type="victimName">
                     Theodore 
                     Ecclestone 
                  <interp inst="t17500228-35-victim284" type="surname" value="Ecclestone"></interp>
                     <interp inst="t17500228-35-victim284" type="given" value="Theodore"></interp>
                     <interp inst="t17500228-35-victim284" type="gender" value="male"></interp>
                  </persName>
                
            , <rs id="t17500228-35-viclabel156" type="occupation">Esq;</rs>
                  <join result="persNameOccupation" targOrder="Y" targets="t17500228-35-victim284 t17500228-35-viclabel156"></join>
               </p>
               <p>
                  <rs id="t17500228-35-verdict157" type="verdictDescription">
                     <interp inst="t17500228-35-verdict157" type="verdictCategory" value="guilty"></interp>
                     <interp inst="t17500228-35-verdict157" type="verdictSubcategory" value="theftunder1s"></interp>
               Guilty 10 d
            </rs>.</p>
               <p>
                  <rs id="t17500228-35-punish158" type="punishmentDescription">
                     <interp inst="t17500228-35-punish158" type="punishmentCategory" value="transport"></interp>
                     <join result="defendantPunishment" targOrder="Y" targets="t17500228-35-defend275 t17500228-35-punish158"></join>
                     <join result="defendantPunishment" targOrder="Y" targets="t17500228-35-defend277 t17500228-35-punish158"></join>
               
                     <note>[Transportation. See summary.]</note>
               
                  </rs>
               </p>
            </div1>