<?xml version="1.0" encoding="UTF-8"?>
<div1 type="trialAccount" id="t17500117-3">
               <interp inst="t17500117-3" type="collection" value="BAILEY"></interp>
               <interp inst="t17500117-3" type="year" value="1750"></interp>
               <interp inst="t17500117-3" type="uri" value="sessionsPapers/17500117"></interp>
               <interp inst="t17500117-3" type="date" value="17500117"></interp>
               <join result="criminalCharge" id="t17500117-3-off10-c39" targOrder="Y" targets="t17500117-3-defend45 t17500117-3-off10 t17500117-3-verdict11"></join>
         
               <p>112. 
               
                  <persName id="t17500117-3-defend45" type="defendantName">
                     Thomas 
                     Biggs 
                  <interp inst="t17500117-3-defend45" type="surname" value="Biggs"></interp>
                     <interp inst="t17500117-3-defend45" type="given" value="Thomas"></interp>
                     <interp inst="t17500117-3-defend45" type="gender" value="male"></interp>
                  </persName>
               
            , was indicted for <rs id="t17500117-3-off10" type="offenceDescription">
                     <interp inst="t17500117-3-off10" type="offenceCategory" value="theft"></interp>
                     <interp inst="t17500117-3-off10" type="offenceSubcategory" value="grandLarceny"></interp>
               stealing one pair of single channel pumps, val. 15 s
            </rs> the goods of 
               
                  <persName id="t17500117-3-victim47" type="victimName">
                     William 
                     Gordon 
                  <interp inst="t17500117-3-victim47" type="surname" value="Gordon"></interp>
                     <interp inst="t17500117-3-victim47" type="given" value="William"></interp>
                     <interp inst="t17500117-3-victim47" type="gender" value="male"></interp>
                     <join result="offenceVictim" targOrder="Y" targets="t17500117-3-off10 t17500117-3-victim47"></join>
                  </persName>
                
            .</p>
               <p>
            
                  <persName id="t17500117-3-person48">
                  James 
                  Williams 
               <interp inst="t17500117-3-person48" type="surname" value="Williams"></interp>
                     <interp inst="t17500117-3-person48" type="given" value="James"></interp>
                     <interp inst="t17500117-3-person48" type="gender" value="male"></interp>
                  </persName>
             deposed he saw the Prisoner take them from where a shoe-blacker used to stand: knowing him not to be the shoe-blacker, he pursued him and took him with the pumps upon him; there was the name 
               <persName id="t17500117-3-person49">
                  William 
                  Gordon 
               <interp inst="t17500117-3-person49" type="surname" value="Gordon"></interp>
                     <interp inst="t17500117-3-person49" type="given" value="William"></interp>
                     <interp inst="t17500117-3-person49" type="gender" value="male"></interp>
                  </persName>
             wrote within the pumps: but 
               <persName id="t17500117-3-person50">
                  William 
                  Gordon 
               <interp inst="t17500117-3-person50" type="surname" value="Gordon"></interp>
                     <interp inst="t17500117-3-person50" type="given" value="William"></interp>
                     <interp inst="t17500117-3-person50" type="gender" value="male"></interp>
                  </persName>
             not appearing, and the property not being fully proved, the Prisoner was <rs id="t17500117-3-verdict11" type="verdictDescription">
                     <interp inst="t17500117-3-verdict11" type="verdictCategory" value="notGuilty"></interp>
               Acquitted
            </rs>.</p>
            </div1>