<?xml version="1.0" encoding="UTF-8"?>
<div1 type="trialAccount" id="t17500117-5">
               <interp inst="t17500117-5" type="collection" value="BAILEY"></interp>
               <interp inst="t17500117-5" type="year" value="1750"></interp>
               <interp inst="t17500117-5" type="uri" value="sessionsPapers/17500117"></interp>
               <interp inst="t17500117-5" type="date" value="17500117"></interp>
               <join result="criminalCharge" id="t17500117-5-off19-c47" targOrder="Y" targets="t17500117-5-defend57 t17500117-5-off19 t17500117-5-verdict21"></join>
               <join result="criminalCharge" id="t17500117-5-off19-c48" targOrder="Y" targets="t17500117-5-defend59 t17500117-5-off19 t17500117-5-verdict21"></join>
         
               <p>114, 115. 
               
                  <persName id="t17500117-5-defend57" type="defendantName">
                     Susannah 
                     Lowe 
                  <interp inst="t17500117-5-defend57" type="surname" value="Lowe"></interp>
                     <interp inst="t17500117-5-defend57" type="given" value="Susannah"></interp>
                     <interp inst="t17500117-5-defend57" type="gender" value="female"></interp>
                  </persName>
                
            , and 
               
                  <persName id="t17500117-5-defend59" type="defendantName">
                     Margaret 
                     Richards 
                  <interp inst="t17500117-5-defend59" type="surname" value="Richards"></interp>
                     <interp inst="t17500117-5-defend59" type="given" value="Margaret"></interp>
                     <interp inst="t17500117-5-defend59" type="gender" value="female"></interp>
                  </persName>
                
            , <rs id="t17500117-5-deflabel18" type="occupation">widows</rs>
                  <join result="persNameOccupation" targOrder="Y" targets="t17500117-5-defend57 t17500117-5-deflabel18"></join>
                  <join result="persNameOccupation" targOrder="Y" targets="t17500117-5-defend59 t17500117-5-deflabel18"></join>, were indicted for <rs id="t17500117-5-off19" type="offenceDescription">
                     <interp inst="t17500117-5-off19" type="offenceCategory" value="theft"></interp>
                     <interp inst="t17500117-5-off19" type="offenceSubcategory" value="grandLarceny"></interp>
               stealing two linnen sheets, val. 5 s. one rug, val. 3 s. one blanket, val. 3 s.
            </rs> the goods of 
               
                  <persName id="t17500117-5-victim61" type="victimName">
                     Ezekiel 
                     Wolse 
                  <interp inst="t17500117-5-victim61" type="surname" value="Wolse"></interp>
                     <interp inst="t17500117-5-victim61" type="given" value="Ezekiel"></interp>
                     <interp inst="t17500117-5-victim61" type="gender" value="male"></interp>
                     <join result="offenceVictim" targOrder="Y" targets="t17500117-5-off19 t17500117-5-victim61"></join>
                  </persName>
                
            , being goods lent to be used in their ready furnished lodging. <rs id="t17500117-5-cd20" type="crimeDate">Dec. 20</rs>
                  <join result="offenceCrimeDate" targOrder="Y" targets="t17500117-5-off19 t17500117-5-cd20"></join>.</p>
               <p>Both <rs id="t17500117-5-verdict21" type="verdictDescription">
                     <interp inst="t17500117-5-verdict21" type="verdictCategory" value="notGuilty"></interp>
               Acquitted
            </rs>.</p>
            </div1>