<?xml version="1.0" encoding="UTF-8"?>
<div1 type="trialAccount" id="t17500117-10">
               <interp inst="t17500117-10" type="collection" value="BAILEY"></interp>
               <interp inst="t17500117-10" type="year" value="1750"></interp>
               <interp inst="t17500117-10" type="uri" value="sessionsPapers/17500117"></interp>
               <interp inst="t17500117-10" type="date" value="17500117"></interp>
               <join result="criminalCharge" id="t17500117-10-off40-c70" targOrder="Y" targets="t17500117-10-defend92 t17500117-10-off40 t17500117-10-verdict42"></join>
         
               <p>121. 
               
                  <persName id="t17500117-10-defend92" type="defendantName">
                     Henry 
                     Shuter 
                  <interp inst="t17500117-10-defend92" type="surname" value="Shuter"></interp>
                     <interp inst="t17500117-10-defend92" type="given" value="Henry"></interp>
                     <interp inst="t17500117-10-defend92" type="gender" value="male"></interp>
                  </persName>
               
            , was indicted for <rs id="t17500117-10-off40" type="offenceDescription">
                     <interp inst="t17500117-10-off40" type="offenceCategory" value="theft"></interp>
                     <interp inst="t17500117-10-off40" type="offenceSubcategory" value="grandLarceny"></interp>
               stealing seven silk handkerchiefs, val. 4 s.
            </rs> the goods of 
               
                  <persName id="t17500117-10-victim94" type="victimName">
                     Edmund 
                     Jervice 
                  <interp inst="t17500117-10-victim94" type="surname" value="Jervice"></interp>
                     <interp inst="t17500117-10-victim94" type="given" value="Edmund"></interp>
                     <interp inst="t17500117-10-victim94" type="gender" value="male"></interp>
                     <join result="offenceVictim" targOrder="Y" targets="t17500117-10-off40 t17500117-10-victim94"></join>
                  </persName>
                
            .</p>
               <p>
                  <rs id="t17500117-10-cd41" type="crimeDate">Jan. 3</rs>
                  <join result="offenceCrimeDate" targOrder="Y" targets="t17500117-10-off40 t17500117-10-cd41"></join>.</p>
               <p>The Prisoner came into the prosecutor's shop, under pretence of buying one or more handkerchiefs, and while 
               <persName id="t17500117-10-person95">
                  John 
                  Baker 
               <interp inst="t17500117-10-person95" type="surname" value="Baker"></interp>
                     <interp inst="t17500117-10-person95" type="given" value="John"></interp>
                     <interp inst="t17500117-10-person95" type="gender" value="male"></interp>
                  </persName>
            , who was servant there, was employed in shewing goods to another customer, he took these handkerchiefs under his coat, and went out of the shop, 
               <persName id="t17500117-10-person96">
                  John 
                  Baker 
               <interp inst="t17500117-10-person96" type="surname" value="Baker"></interp>
                     <interp inst="t17500117-10-person96" type="given" value="John"></interp>
                     <interp inst="t17500117-10-person96" type="gender" value="male"></interp>
                  </persName>
             saw him, and called after him; he came back, and Baker took them from him.</p>
               <p>
                  <rs id="t17500117-10-verdict42" type="verdictDescription">
                     <interp inst="t17500117-10-verdict42" type="verdictCategory" value="guilty"></interp>
               Guilty
            </rs>.</p>
               <p>
                  <rs id="t17500117-10-punish43" type="punishmentDescription">
                     <interp inst="t17500117-10-punish43" type="punishmentCategory" value="miscPunish"></interp>
                     <interp inst="t17500117-10-punish43" type="punishmentSubcategory" value="branding"></interp>
                     <join result="defendantPunishment" targOrder="Y" targets="t17500117-10-defend92 t17500117-10-punish43"></join>
               
                     <note>[Branding. See summary.]</note>
               
                  </rs>
               </p>
            </div1>