<?xml version="1.0" encoding="UTF-8"?>
<div1 type="trialAccount" id="t17500117-6">
               <interp inst="t17500117-6" type="collection" value="BAILEY"></interp>
               <interp inst="t17500117-6" type="year" value="1750"></interp>
               <interp inst="t17500117-6" type="uri" value="sessionsPapers/17500117"></interp>
               <interp inst="t17500117-6" type="date" value="17500117"></interp>
               <join result="criminalCharge" id="t17500117-6-off22-c50" targOrder="Y" targets="t17500117-6-defend63 t17500117-6-off22 t17500117-6-verdict24"></join>
               <join result="criminalCharge" id="t17500117-6-off22-c51" targOrder="Y" targets="t17500117-6-defend65 t17500117-6-off22 t17500117-6-verdict24"></join>
         
               <p>116, 117. 
               
                  <persName id="t17500117-6-defend63" type="defendantName">
                     Ralph 
                     Darvel 
                  <interp inst="t17500117-6-defend63" type="surname" value="Darvel"></interp>
                     <interp inst="t17500117-6-defend63" type="given" value="Ralph"></interp>
                     <interp inst="t17500117-6-defend63" type="gender" value="male"></interp>
                  </persName>
                
            , and 
               
                  <persName id="t17500117-6-defend65" type="defendantName">
                     John 
                     Price 
                  <interp inst="t17500117-6-defend65" type="surname" value="Price"></interp>
                     <interp inst="t17500117-6-defend65" type="given" value="John"></interp>
                     <interp inst="t17500117-6-defend65" type="gender" value="male"></interp>
                  </persName>
                
            , were indicted for <rs id="t17500117-6-off22" type="offenceDescription">
                     <interp inst="t17500117-6-off22" type="offenceCategory" value="theft"></interp>
                     <interp inst="t17500117-6-off22" type="offenceSubcategory" value="grandLarceny"></interp>
               stealing two bushels of coals, val. 2 s.
            </rs> the goods of 
               
                  <persName id="t17500117-6-victim67" type="victimName">
                     John 
                     Clark 
                  <interp inst="t17500117-6-victim67" type="surname" value="Clark"></interp>
                     <interp inst="t17500117-6-victim67" type="given" value="John"></interp>
                     <interp inst="t17500117-6-victim67" type="gender" value="male"></interp>
                     <join result="offenceVictim" targOrder="Y" targets="t17500117-6-off22 t17500117-6-victim67"></join>
                  </persName>
                
            .</p>
               <p>
                  <rs id="t17500117-6-cd23" type="crimeDate">Nov. 14</rs>
                  <join result="offenceCrimeDate" targOrder="Y" targets="t17500117-6-off22 t17500117-6-cd23"></join>.</p>
               <p>This was for an offence committed in company with 
               <persName id="t17500117-6-person68">
                  Michael 
                  Graham 
               <interp inst="t17500117-6-person68" type="surname" value="Graham"></interp>
                     <interp inst="t17500117-6-person68" type="given" value="Michael"></interp>
                     <interp inst="t17500117-6-person68" type="gender" value="male"></interp>
                  </persName>
            , who was tried last sessions, No. 42.</p>
               <p>Both <rs id="t17500117-6-verdict24" type="verdictDescription">
                     <interp inst="t17500117-6-verdict24" type="verdictCategory" value="guilty"></interp>
                     <interp inst="t17500117-6-verdict24" type="verdictSubcategory" value="theftunder5s"></interp>
               guilty 13 d
            </rs>.</p>
               <p>
                  <rs id="t17500117-6-punish25" type="punishmentDescription">
                     <interp inst="t17500117-6-punish25" type="punishmentCategory" value="corporal"></interp>
                     <interp inst="t17500117-6-punish25" type="punishmentSubcategory" value="whipping"></interp>
                     <join result="defendantPunishment" targOrder="Y" targets="t17500117-6-defend63 t17500117-6-punish25"></join>
                     <join result="defendantPunishment" targOrder="Y" targets="t17500117-6-defend65 t17500117-6-punish25"></join>
               
                     <note>[Whipping. See summary.]</note>
               
                  </rs>
               </p>
            </div1>