<?xml version="1.0" encoding="UTF-8"?>
<div1 type="trialAccount" id="t17500117-8">
               <interp inst="t17500117-8" type="collection" value="BAILEY"></interp>
               <interp inst="t17500117-8" type="year" value="1750"></interp>
               <interp inst="t17500117-8" type="uri" value="sessionsPapers/17500117"></interp>
               <interp inst="t17500117-8" type="date" value="17500117"></interp>
               <join result="criminalCharge" id="t17500117-8-off31-c58" targOrder="Y" targets="t17500117-8-defend75 t17500117-8-off31 t17500117-8-verdict34"></join>
         
               <p>119. 
               
                  <persName id="t17500117-8-defend75" type="defendantName">
                     George 
                     Fear 
                  <interp inst="t17500117-8-defend75" type="surname" value="Fear"></interp>
                     <interp inst="t17500117-8-defend75" type="given" value="George"></interp>
                     <interp inst="t17500117-8-defend75" type="gender" value="male"></interp>
                  </persName>
               
            , was indicted for <rs id="t17500117-8-off31" type="offenceDescription">
                     <interp inst="t17500117-8-off31" type="offenceCategory" value="theft"></interp>
                     <interp inst="t17500117-8-off31" type="offenceSubcategory" value="grandLarceny"></interp>
               stealing one portmanteau, val. 6 d. two silk gowns, val. 2 l. one petticoat, val. 15 s. one silk sack and petticoat, val. 2 l. one linnen sack, and other things
            </rs>, the goods of 
               
                  <persName id="t17500117-8-victim77" type="victimName">
                     Martha 
                     Rigby 
                  <interp inst="t17500117-8-victim77" type="surname" value="Rigby"></interp>
                     <interp inst="t17500117-8-victim77" type="given" value="Martha"></interp>
                     <interp inst="t17500117-8-victim77" type="gender" value="female"></interp>
                     <join result="offenceVictim" targOrder="Y" targets="t17500117-8-off31 t17500117-8-victim77"></join>
                  </persName>
                
            .</p>
               <p>
                  <rs id="t17500117-8-cd32" type="crimeDate">Jan. 3</rs>
                  <join result="offenceCrimeDate" targOrder="Y" targets="t17500117-8-off31 t17500117-8-cd32"></join>.</p>
               <p>Mrs. 
               <persName id="t17500117-8-person78">
                  Martha 
                  Rigby 
               <interp inst="t17500117-8-person78" type="surname" value="Rigby"></interp>
                     <interp inst="t17500117-8-person78" type="given" value="Martha"></interp>
                     <interp inst="t17500117-8-person78" type="gender" value="female"></interp>
                  </persName>
             deposed, that the things mentioned were her property, which had been brought up by the Stow waggon, and was going to her apartment.</p>
               <p>
            
                  <persName id="t17500117-8-person79">
                  William 
                  May 
               <interp inst="t17500117-8-person79" type="surname" value="May"></interp>
                     <interp inst="t17500117-8-person79" type="given" value="William"></interp>
                     <interp inst="t17500117-8-person79" type="gender" value="male"></interp>
                  </persName>
            . I am a carman. I had this portmanteau, with three other parcels, in my cart, going from the Spread Eagle in Grace-Church-Street, to this lady's house in Cavendish-Square, and in <placeName id="t17500117-8-crimeloc33">the Strand, I stopped at the One Tun alehouse</placeName>
                  <interp inst="t17500117-8-crimeloc33" type="placeName" value="the Strand, I stopped at the One Tun alehouse"></interp>
                  <interp inst="t17500117-8-crimeloc33" type="type" value="crimeLocation"></interp>
                  <join result="offencePlace" targOrder="Y" targets="t17500117-8-off31 t17500117-8-crimeloc33"></join> to give my horses some water: I saw my tail rope cut, and the portmanteau on the prisoner's back; I followed him about thirty yards, and took hold on the flap of his coat ; he flung it off backwards upon me, and knocked me down; he ran away, and 
               <persName id="t17500117-8-person80">
                  John 
                  Forster 
               <interp inst="t17500117-8-person80" type="surname" value="Forster"></interp>
                     <interp inst="t17500117-8-person80" type="given" value="John"></interp>
                     <interp inst="t17500117-8-person80" type="gender" value="male"></interp>
                  </persName>
             followed him; I staid with the portmanteau, and never saw him till Forster brought him back. We carried him and the portmanteau to justice Frazer's ; and the prosecutrix's servant came there that night, it had a direction on it to the prosecutrix's house.</p>
               <p>
            
                  <persName id="t17500117-8-person81">
                  John 
                  Forster 
               <interp inst="t17500117-8-person81" type="surname" value="Forster"></interp>
                     <interp inst="t17500117-8-person81" type="given" value="John"></interp>
                     <interp inst="t17500117-8-person81" type="gender" value="male"></interp>
                  </persName>
            . I went along with the cart with 
               <persName id="t17500117-8-person82">
                  William 
                  May 
               <interp inst="t17500117-8-person82" type="surname" value="May"></interp>
                     <interp inst="t17500117-8-person82" type="given" value="William"></interp>
                     <interp inst="t17500117-8-person82" type="gender" value="male"></interp>
                  </persName>
            . We stopped at the One-Tun in the Strand: I was in the house; I put the curtain by, and saw the prisoner with the portmanteau on his back, and called out. I saw him drop it on 
               <persName id="t17500117-8-person83">
                  William 
                  May 
               <interp inst="t17500117-8-person83" type="surname" value="May"></interp>
                     <interp inst="t17500117-8-person83" type="given" value="William"></interp>
                     <interp inst="t17500117-8-person83" type="gender" value="male"></interp>
                  </persName>
            : I was near him; so I pursued him, and never lost sight of him, I was all the way within six yards of him, or thereabouts, till I took him in Round Court; this was about a quarter of an hour before seven at night; it was a dark night.</p>
               <p>Q. to May. How could you see the prisoner at this time, it being very dark?</p>
               <p>May. There are many lamps about where the cart stood, and I saw him very plain.</p>
               <p>
                  <rs id="t17500117-8-verdict34" type="verdictDescription">
                     <interp inst="t17500117-8-verdict34" type="verdictCategory" value="guilty"></interp>
               Guilty
            </rs>. Felony.</p>
               <p>
                  <rs id="t17500117-8-punish35" type="punishmentDescription">
                     <interp inst="t17500117-8-punish35" type="punishmentCategory" value="transport"></interp>
                     <join result="defendantPunishment" targOrder="Y" targets="t17500117-8-defend75 t17500117-8-punish35"></join>
               
                     <note>[Transportation. See summary.]</note>
               
                  </rs>
               </p>
            </div1>